{
  "epoch": 2,
  "last_cycle_timestamp": "2026-05-21T02:23:49.480167Z",
  "last_cost": 0.006500000000000001,
  "audit_pass": true
}